temperature-(celsius),year,month,country,ISO3
-8.0249,1901,Jan,Sweden,SWE
-12.329,1901,Feb,Sweden,SWE
-6.2524,1901,Mar,Sweden,SWE
0.54099,1901,Apr,Sweden,SWE
6.4277,1901,May,Sweden,SWE
12.2437,1901,Jun,Sweden,SWE
16.9711,1901,Jul,Sweden,SWE
13.4123,1901,Aug,Sweden,SWE
8.88281,1901,Sep,Sweden,SWE
5.60824,1901,Oct,Sweden,SWE
-5.5327,1901,Nov,Sweden,SWE
-11.022,1901,Dec,Sweden,SWE
-9.2019,1902,Jan,Sweden,SWE
-10.31,1902,Feb,Sweden,SWE
-7.9307,1902,Mar,Sweden,SWE
-1.9926,1902,Apr,Sweden,SWE
3.34355,1902,May,Sweden,SWE
9.1485,1902,Jun,Sweden,SWE
10.4424,1902,Jul,Sweden,SWE
10.0862,1902,Aug,Sweden,SWE
5.9092,1902,Sep,Sweden,SWE
0.05946,1902,Oct,Sweden,SWE
-4.208,1902,Nov,Sweden,SWE
-8.7479,1902,Dec,Sweden,SWE
-9.8701,1903,Jan,Sweden,SWE
-4.5563,1903,Feb,Sweden,SWE
-1.4993,1903,Mar,Sweden,SWE
-0.8342,1903,Apr,Sweden,SWE
5.63352,1903,May,Sweden,SWE
10.2627,1903,Jun,Sweden,SWE
12.1015,1903,Jul,Sweden,SWE
10.992,1903,Aug,Sweden,SWE
7.82091,1903,Sep,Sweden,SWE
-0.9187,1903,Oct,Sweden,SWE
-4.3941,1903,Nov,Sweden,SWE
-6.0042,1903,Dec,Sweden,SWE
-5.8235,1904,Jan,Sweden,SWE
-12.343,1904,Feb,Sweden,SWE
-6.3654,1904,Mar,Sweden,SWE
0.77821,1904,Apr,Sweden,SWE
4.48707,1904,May,Sweden,SWE
10.1463,1904,Jun,Sweden,SWE
12.2826,1904,Jul,Sweden,SWE
11.1729,1904,Aug,Sweden,SWE
7.78804,1904,Sep,Sweden,SWE
2.7417,1904,Oct,Sweden,SWE
-6.3918,1904,Nov,Sweden,SWE
-10.227,1904,Dec,Sweden,SWE
-10.305,1905,Jan,Sweden,SWE
-7.2573,1905,Feb,Sweden,SWE
-4.4186,1905,Mar,Sweden,SWE
-1.851,1905,Apr,Sweden,SWE
6.15789,1905,May,Sweden,SWE
12.8291,1905,Jun,Sweden,SWE
13.6002,1905,Jul,Sweden,SWE
11.238,1905,Aug,Sweden,SWE
7.12449,1905,Sep,Sweden,SWE
-1.5174,1905,Oct,Sweden,SWE
-4.278,1905,Nov,Sweden,SWE
-5.2156,1905,Dec,Sweden,SWE
-7.0441,1906,Jan,Sweden,SWE
-7.4576,1906,Feb,Sweden,SWE
-7.1035,1906,Mar,Sweden,SWE
1.36357,1906,Apr,Sweden,SWE
6.34782,1906,May,Sweden,SWE
11.5,1906,Jun,Sweden,SWE
13.6961,1906,Jul,Sweden,SWE
11.0683,1906,Aug,Sweden,SWE
7.46942,1906,Sep,Sweden,SWE
2.65653,1906,Oct,Sweden,SWE
-2.2215,1906,Nov,Sweden,SWE
-8.3289,1906,Dec,Sweden,SWE
-10.065,1907,Jan,Sweden,SWE
-7.0721,1907,Feb,Sweden,SWE
-2.931,1907,Mar,Sweden,SWE
0.46388,1907,Apr,Sweden,SWE
4.10619,1907,May,Sweden,SWE
10.8547,1907,Jun,Sweden,SWE
11.9114,1907,Jul,Sweden,SWE
9.60621,1907,Aug,Sweden,SWE
6.70468,1907,Sep,Sweden,SWE
4.91712,1907,Oct,Sweden,SWE
-1.7803,1907,Nov,Sweden,SWE
-9.3765,1907,Dec,Sweden,SWE
-7.7083,1908,Jan,Sweden,SWE
-7.2955,1908,Feb,Sweden,SWE
-6.4518,1908,Mar,Sweden,SWE
0.00885,1908,Apr,Sweden,SWE
4.71193,1908,May,Sweden,SWE
9.95693,1908,Jun,Sweden,SWE
13.4825,1908,Jul,Sweden,SWE
12.4551,1908,Aug,Sweden,SWE
7.11431,1908,Sep,Sweden,SWE
3.98259,1908,Oct,Sweden,SWE
-6.5215,1908,Nov,Sweden,SWE
-6.0949,1908,Dec,Sweden,SWE
-5.7693,1909,Jan,Sweden,SWE
-9.7287,1909,Feb,Sweden,SWE
-7.6707,1909,Mar,Sweden,SWE
-2.2077,1909,Apr,Sweden,SWE
2.87562,1909,May,Sweden,SWE
10.5375,1909,Jun,Sweden,SWE
12.7266,1909,Jul,Sweden,SWE
11.3518,1909,Aug,Sweden,SWE
7.53151,1909,Sep,Sweden,SWE
4.47161,1909,Oct,Sweden,SWE
-7.5811,1909,Nov,Sweden,SWE
-7.8525,1909,Dec,Sweden,SWE
-8.7867,1910,Jan,Sweden,SWE
-4.2055,1910,Feb,Sweden,SWE
-3.0109,1910,Mar,Sweden,SWE
0.75557,1910,Apr,Sweden,SWE
6.64142,1910,May,Sweden,SWE
11.3084,1910,Jun,Sweden,SWE
12.7478,1910,Jul,Sweden,SWE
11.7176,1910,Aug,Sweden,SWE
7.90483,1910,Sep,Sweden,SWE
2.03062,1910,Oct,Sweden,SWE
-5.1211,1910,Nov,Sweden,SWE
-7.2779,1910,Dec,Sweden,SWE
-7.4292,1911,Jan,Sweden,SWE
-7.7822,1911,Feb,Sweden,SWE
-4.2896,1911,Mar,Sweden,SWE
0.09303,1911,Apr,Sweden,SWE
7.403,1911,May,Sweden,SWE
10.1817,1911,Jun,Sweden,SWE
12.7491,1911,Jul,Sweden,SWE
13.4928,1911,Aug,Sweden,SWE
8.3363,1911,Sep,Sweden,SWE
0.67252,1911,Oct,Sweden,SWE
-4.4002,1911,Nov,Sweden,SWE
-4.3519,1911,Dec,Sweden,SWE
-13.145,1912,Jan,Sweden,SWE
-11.459,1912,Feb,Sweden,SWE
-3.3534,1912,Mar,Sweden,SWE
-0.8073,1912,Apr,Sweden,SWE
5.24702,1912,May,Sweden,SWE
11.5632,1912,Jun,Sweden,SWE
14.8225,1912,Jul,Sweden,SWE
12.3168,1912,Aug,Sweden,SWE
6.22526,1912,Sep,Sweden,SWE
0.41765,1912,Oct,Sweden,SWE
-4.4151,1912,Nov,Sweden,SWE
-6.0554,1912,Dec,Sweden,SWE
-11.483,1913,Jan,Sweden,SWE
-6.4267,1913,Feb,Sweden,SWE
-3.6254,1913,Mar,Sweden,SWE
1.13941,1913,Apr,Sweden,SWE
6.40487,1913,May,Sweden,SWE
10.9313,1913,Jun,Sweden,SWE
14.0392,1913,Jul,Sweden,SWE
11.9226,1913,Aug,Sweden,SWE
7.86752,1913,Sep,Sweden,SWE
1.78133,1913,Oct,Sweden,SWE
-1.0305,1913,Nov,Sweden,SWE
-9.141,1913,Dec,Sweden,SWE
-8.837,1914,Jan,Sweden,SWE
-5.4668,1914,Feb,Sweden,SWE
-5.246,1914,Mar,Sweden,SWE
1.98922,1914,Apr,Sweden,SWE
5.36349,1914,May,Sweden,SWE
11.7472,1914,Jun,Sweden,SWE
16.5605,1914,Jul,Sweden,SWE
12.1766,1914,Aug,Sweden,SWE
7.95408,1914,Sep,Sweden,SWE
1.50249,1914,Oct,Sweden,SWE
-4.1118,1914,Nov,Sweden,SWE
-5.5312,1914,Dec,Sweden,SWE
-11.744,1915,Jan,Sweden,SWE
-8.5715,1915,Feb,Sweden,SWE
-8.3502,1915,Mar,Sweden,SWE
-0.0131,1915,Apr,Sweden,SWE
4.10793,1915,May,Sweden,SWE
9.11633,1915,Jun,Sweden,SWE
13.6137,1915,Jul,Sweden,SWE
11.5274,1915,Aug,Sweden,SWE
6.22792,1915,Sep,Sweden,SWE
0.28808,1915,Oct,Sweden,SWE
-6.4053,1915,Nov,Sweden,SWE
-15.533,1915,Dec,Sweden,SWE
-8.123,1916,Jan,Sweden,SWE
-7.8256,1916,Feb,Sweden,SWE
-7.7155,1916,Mar,Sweden,SWE
0.34296,1916,Apr,Sweden,SWE
4.72975,1916,May,Sweden,SWE
10.169,1916,Jun,Sweden,SWE
15.1495,1916,Jul,Sweden,SWE
10.6845,1916,Aug,Sweden,SWE
6.2807,1916,Sep,Sweden,SWE
-0.2656,1916,Oct,Sweden,SWE
-1.6453,1916,Nov,Sweden,SWE
-7.5366,1916,Dec,Sweden,SWE
-13.762,1917,Jan,Sweden,SWE
-10.952,1917,Feb,Sweden,SWE
-9.5378,1917,Mar,Sweden,SWE
-2.6452,1917,Apr,Sweden,SWE
4.47704,1917,May,Sweden,SWE
13.0982,1917,Jun,Sweden,SWE
12.6139,1917,Jul,Sweden,SWE
14.7455,1917,Aug,Sweden,SWE
7.61099,1917,Sep,Sweden,SWE
2.44183,1917,Oct,Sweden,SWE
-3.8069,1917,Nov,Sweden,SWE
-9.2333,1917,Dec,Sweden,SWE
-13.438,1918,Jan,Sweden,SWE
-7.3971,1918,Feb,Sweden,SWE
-3.9376,1918,Mar,Sweden,SWE
0.79636,1918,Apr,Sweden,SWE
6.41806,1918,May,Sweden,SWE
9.94072,1918,Jun,Sweden,SWE
14.4617,1918,Jul,Sweden,SWE
11.3972,1918,Aug,Sweden,SWE
6.69333,1918,Sep,Sweden,SWE
3.46283,1918,Oct,Sweden,SWE
-0.6154,1918,Nov,Sweden,SWE
-7.785,1918,Dec,Sweden,SWE
-7.7242,1919,Jan,Sweden,SWE
-10.687,1919,Feb,Sweden,SWE
-6.4831,1919,Mar,Sweden,SWE
-0.8792,1919,Apr,Sweden,SWE
7.69512,1919,May,Sweden,SWE
11.3121,1919,Jun,Sweden,SWE
14.9729,1919,Jul,Sweden,SWE
10.4572,1919,Aug,Sweden,SWE
7.93283,1919,Sep,Sweden,SWE
0.76249,1919,Oct,Sweden,SWE
-7.8879,1919,Nov,Sweden,SWE
-11.239,1919,Dec,Sweden,SWE
-8.801,1920,Jan,Sweden,SWE
-5.0422,1920,Feb,Sweden,SWE
-0.5848,1920,Mar,Sweden,SWE
1.41257,1920,Apr,Sweden,SWE
7.37631,1920,May,Sweden,SWE
10.9371,1920,Jun,Sweden,SWE
13.9339,1920,Jul,Sweden,SWE
11.2382,1920,Aug,Sweden,SWE
8.71165,1920,Sep,Sweden,SWE
1.81273,1920,Oct,Sweden,SWE
-2.0527,1920,Nov,Sweden,SWE
-7.3383,1920,Dec,Sweden,SWE
-8.8516,1921,Jan,Sweden,SWE
-7.498,1921,Feb,Sweden,SWE
-1.7496,1921,Mar,Sweden,SWE
3.26251,1921,Apr,Sweden,SWE
8.05734,1921,May,Sweden,SWE
10.1224,1921,Jun,Sweden,SWE
12.3162,1921,Jul,Sweden,SWE
11.605,1921,Aug,Sweden,SWE
7.12912,1921,Sep,Sweden,SWE
1.8375,1921,Oct,Sweden,SWE
-6.8265,1921,Nov,Sweden,SWE
-7.2203,1921,Dec,Sweden,SWE
-12.319,1922,Jan,Sweden,SWE
-10.237,1922,Feb,Sweden,SWE
-6.0493,1922,Mar,Sweden,SWE
-1.054,1922,Apr,Sweden,SWE
6.24618,1922,May,Sweden,SWE
11.2255,1922,Jun,Sweden,SWE
13.4476,1922,Jul,Sweden,SWE
11.3511,1922,Aug,Sweden,SWE
7.50806,1922,Sep,Sweden,SWE
0.83191,1922,Oct,Sweden,SWE
-4.2419,1922,Nov,Sweden,SWE
-7.7734,1922,Dec,Sweden,SWE
-5.6738,1923,Jan,Sweden,SWE
-11.272,1923,Feb,Sweden,SWE
-3.6328,1923,Mar,Sweden,SWE
-1.339,1923,Apr,Sweden,SWE
4.38101,1923,May,Sweden,SWE
7.41512,1923,Jun,Sweden,SWE
13.4077,1923,Jul,Sweden,SWE
10.5071,1923,Aug,Sweden,SWE
7.32087,1923,Sep,Sweden,SWE
2.34761,1923,Oct,Sweden,SWE
-4.9382,1923,Nov,Sweden,SWE
-9.6302,1923,Dec,Sweden,SWE
-9.5816,1924,Jan,Sweden,SWE
-11.51,1924,Feb,Sweden,SWE
-8.1135,1924,Mar,Sweden,SWE
-1.6532,1924,Apr,Sweden,SWE
5.02066,1924,May,Sweden,SWE
9.36561,1924,Jun,Sweden,SWE
14.305,1924,Jul,Sweden,SWE
13.3322,1924,Aug,Sweden,SWE
9.05273,1924,Sep,Sweden,SWE
4.25973,1924,Oct,Sweden,SWE
-2.2807,1924,Nov,Sweden,SWE
-3.4803,1924,Dec,Sweden,SWE
-3.5583,1925,Jan,Sweden,SWE
-5.6309,1925,Feb,Sweden,SWE
-7.4701,1925,Mar,Sweden,SWE
1.41831,1925,Apr,Sweden,SWE
6.54226,1925,May,Sweden,SWE
11.2732,1925,Jun,Sweden,SWE
16.7282,1925,Jul,Sweden,SWE
12.7188,1925,Aug,Sweden,SWE
7.75338,1925,Sep,Sweden,SWE
-0.0579,1925,Oct,Sweden,SWE
-7.2341,1925,Nov,Sweden,SWE
-10.71,1925,Dec,Sweden,SWE
-10.859,1926,Jan,Sweden,SWE
-10.927,1926,Feb,Sweden,SWE
-3.8683,1926,Mar,Sweden,SWE
0.35827,1926,Apr,Sweden,SWE
4.78603,1926,May,Sweden,SWE
11.0913,1926,Jun,Sweden,SWE
14.5576,1926,Jul,Sweden,SWE
12.9431,1926,Aug,Sweden,SWE
7.40439,1926,Sep,Sweden,SWE
-1.3155,1926,Oct,Sweden,SWE
-2.5708,1926,Nov,Sweden,SWE
-8.999,1926,Dec,Sweden,SWE
-8.6686,1927,Jan,Sweden,SWE
-6.868,1927,Feb,Sweden,SWE
-3.454,1927,Mar,Sweden,SWE
-0.8268,1927,Apr,Sweden,SWE
3.62781,1927,May,Sweden,SWE
9.65352,1927,Jun,Sweden,SWE
16.3494,1927,Jul,Sweden,SWE
13.5688,1927,Aug,Sweden,SWE
7.25563,1927,Sep,Sweden,SWE
0.58268,1927,Oct,Sweden,SWE
-7.9804,1927,Nov,Sweden,SWE
-10.8,1927,Dec,Sweden,SWE
-9.1563,1928,Jan,Sweden,SWE
-7.6354,1928,Feb,Sweden,SWE
-4.7437,1928,Mar,Sweden,SWE
0.34803,1928,Apr,Sweden,SWE
5.1839,1928,May,Sweden,SWE
8.63274,1928,Jun,Sweden,SWE
11.0993,1928,Jul,Sweden,SWE
11.1798,1928,Aug,Sweden,SWE
7.20713,1928,Sep,Sweden,SWE
1.60262,1928,Oct,Sweden,SWE
-3.7531,1928,Nov,Sweden,SWE
-7.7287,1928,Dec,Sweden,SWE
-10.057,1929,Jan,Sweden,SWE
-13.346,1929,Feb,Sweden,SWE
-2.7638,1929,Mar,Sweden,SWE
-2.9545,1929,Apr,Sweden,SWE
6.14126,1929,May,Sweden,SWE
9.86865,1929,Jun,Sweden,SWE
11.8909,1929,Jul,Sweden,SWE
10.8044,1929,Aug,Sweden,SWE
8.08686,1929,Sep,Sweden,SWE
2.61944,1929,Oct,Sweden,SWE
-1.3403,1929,Nov,Sweden,SWE
-1.9239,1929,Dec,Sweden,SWE
-4.238,1930,Jan,Sweden,SWE
-6.522,1930,Feb,Sweden,SWE
-4.0821,1930,Mar,Sweden,SWE
1.57122,1930,Apr,Sweden,SWE
7.48853,1930,May,Sweden,SWE
12.5151,1930,Jun,Sweden,SWE
15.3483,1930,Jul,Sweden,SWE
13.6474,1930,Aug,Sweden,SWE
6.52953,1930,Sep,Sweden,SWE
2.9028,1930,Oct,Sweden,SWE
-3.4541,1930,Nov,Sweden,SWE
-5.3219,1930,Dec,Sweden,SWE
-10.285,1931,Jan,Sweden,SWE
-9.7086,1931,Feb,Sweden,SWE
-7.68,1931,Mar,Sweden,SWE
-0.6348,1931,Apr,Sweden,SWE
6.73545,1931,May,Sweden,SWE
8.36249,1931,Jun,Sweden,SWE
14.0106,1931,Jul,Sweden,SWE
11.3533,1931,Aug,Sweden,SWE
5.41926,1931,Sep,Sweden,SWE
1.28696,1931,Oct,Sweden,SWE
-0.7484,1931,Nov,Sweden,SWE
-5.9186,1931,Dec,Sweden,SWE
-4.3213,1932,Jan,Sweden,SWE
-5.1832,1932,Feb,Sweden,SWE
-5.4062,1932,Mar,Sweden,SWE
0.10658,1932,Apr,Sweden,SWE
5.69441,1932,May,Sweden,SWE
9.75313,1932,Jun,Sweden,SWE
14.7657,1932,Jul,Sweden,SWE
12.3828,1932,Aug,Sweden,SWE
7.13845,1932,Sep,Sweden,SWE
0.23503,1932,Oct,Sweden,SWE
-2.5853,1932,Nov,Sweden,SWE
-2.9093,1932,Dec,Sweden,SWE
-6.2755,1933,Jan,Sweden,SWE
-9.5079,1933,Feb,Sweden,SWE
-4.7047,1933,Mar,Sweden,SWE
-0.4518,1933,Apr,Sweden,SWE
5.64733,1933,May,Sweden,SWE
13.4524,1933,Jun,Sweden,SWE
15.0206,1933,Jul,Sweden,SWE
12.3133,1933,Aug,Sweden,SWE
8.35383,1933,Sep,Sweden,SWE
2.6602,1933,Oct,Sweden,SWE
-4.992,1933,Nov,Sweden,SWE
-6.8035,1933,Dec,Sweden,SWE
-3.7917,1934,Jan,Sweden,SWE
-4.9264,1934,Feb,Sweden,SWE
-3.9878,1934,Mar,Sweden,SWE
0.11775,1934,Apr,Sweden,SWE
7.49618,1934,May,Sweden,SWE
11.1159,1934,Jun,Sweden,SWE
15.0739,1934,Jul,Sweden,SWE
13.7965,1934,Aug,Sweden,SWE
10.7731,1934,Sep,Sweden,SWE
3.61057,1934,Oct,Sweden,SWE
-2.5969,1934,Nov,Sweden,SWE
-3.9903,1934,Dec,Sweden,SWE
-8.2048,1935,Jan,Sweden,SWE
-6.9628,1935,Feb,Sweden,SWE
-5.312,1935,Mar,Sweden,SWE
0.46965,1935,Apr,Sweden,SWE
4.13221,1935,May,Sweden,SWE
11.3153,1935,Jun,Sweden,SWE
13.6513,1935,Jul,Sweden,SWE
12.0251,1935,Aug,Sweden,SWE
7.00122,1935,Sep,Sweden,SWE
2.49035,1935,Oct,Sweden,SWE
-0.8591,1935,Nov,Sweden,SWE
-5.1288,1935,Dec,Sweden,SWE
-9.1332,1936,Jan,Sweden,SWE
-11.665,1936,Feb,Sweden,SWE
-5.6281,1936,Mar,Sweden,SWE
-0.7013,1936,Apr,Sweden,SWE
7.24668,1936,May,Sweden,SWE
13.9413,1936,Jun,Sweden,SWE
14.7788,1936,Jul,Sweden,SWE
12.7922,1936,Aug,Sweden,SWE
7.40361,1936,Sep,Sweden,SWE
0.80662,1936,Oct,Sweden,SWE
-1.5203,1936,Nov,Sweden,SWE
-2.3951,1936,Dec,Sweden,SWE
-6.9021,1937,Jan,Sweden,SWE
-10.788,1937,Feb,Sweden,SWE
-6.7989,1937,Mar,Sweden,SWE
2.41681,1937,Apr,Sweden,SWE
8.57486,1937,May,Sweden,SWE
12.2663,1937,Jun,Sweden,SWE
16.2825,1937,Jul,Sweden,SWE
15.2459,1937,Aug,Sweden,SWE
8.24439,1937,Sep,Sweden,SWE
4.56607,1937,Oct,Sweden,SWE
-2.9494,1937,Nov,Sweden,SWE
-8.7834,1937,Dec,Sweden,SWE
-7.2247,1938,Jan,Sweden,SWE
-3.4768,1938,Feb,Sweden,SWE
-1.3195,1938,Mar,Sweden,SWE
0.93977,1938,Apr,Sweden,SWE
5.79209,1938,May,Sweden,SWE
10.808,1938,Jun,Sweden,SWE
15.1656,1938,Jul,Sweden,SWE
13.9955,1938,Aug,Sweden,SWE
9.27309,1938,Sep,Sweden,SWE
4.46079,1938,Oct,Sweden,SWE
-0.189,1938,Nov,Sweden,SWE
-5.1676,1938,Dec,Sweden,SWE
-8.204,1939,Jan,Sweden,SWE
-3.7447,1939,Feb,Sweden,SWE
-4.6871,1939,Mar,Sweden,SWE
-0.181,1939,Apr,Sweden,SWE
5.56633,1939,May,Sweden,SWE
11.1525,1939,Jun,Sweden,SWE
14.3108,1939,Jul,Sweden,SWE
14.8675,1939,Aug,Sweden,SWE
7.92573,1939,Sep,Sweden,SWE
0.6047,1939,Oct,Sweden,SWE
-2.1214,1939,Nov,Sweden,SWE
-9.9339,1939,Dec,Sweden,SWE
-13.286,1940,Jan,Sweden,SWE
-14.235,1940,Feb,Sweden,SWE
-9.925,1940,Mar,Sweden,SWE
-1.2182,1940,Apr,Sweden,SWE
7.79054,1940,May,Sweden,SWE
12.665,1940,Jun,Sweden,SWE
13.6433,1940,Jul,Sweden,SWE
11.3225,1940,Aug,Sweden,SWE
6.99654,1940,Sep,Sweden,SWE
2.40842,1940,Oct,Sweden,SWE
-3.9081,1940,Nov,Sweden,SWE
-8.6244,1940,Dec,Sweden,SWE
-14.795,1941,Jan,Sweden,SWE
-11.681,1941,Feb,Sweden,SWE
-7.1542,1941,Mar,Sweden,SWE
-1.974,1941,Apr,Sweden,SWE
4.90608,1941,May,Sweden,SWE
10.7571,1941,Jun,Sweden,SWE
16.7701,1941,Jul,Sweden,SWE
11.5671,1941,Aug,Sweden,SWE
7.2686,1941,Sep,Sweden,SWE
0.29567,1941,Oct,Sweden,SWE
-4.6079,1941,Nov,Sweden,SWE
-10.415,1941,Dec,Sweden,SWE
-17.147,1942,Jan,Sweden,SWE
-13.913,1942,Feb,Sweden,SWE
-10.069,1942,Mar,Sweden,SWE
0.44734,1942,Apr,Sweden,SWE
4.63814,1942,May,Sweden,SWE
9.87235,1942,Jun,Sweden,SWE
13.0771,1942,Jul,Sweden,SWE
12.5377,1942,Aug,Sweden,SWE
7.68368,1942,Sep,Sweden,SWE
2.26572,1942,Oct,Sweden,SWE
-2.8596,1942,Nov,Sweden,SWE
-7.1849,1942,Dec,Sweden,SWE
-11.164,1943,Jan,Sweden,SWE
-4.1783,1943,Feb,Sweden,SWE
-1.5174,1943,Mar,Sweden,SWE
1.50071,1943,Apr,Sweden,SWE
6.74928,1943,May,Sweden,SWE
12.1895,1943,Jun,Sweden,SWE
13.7896,1943,Jul,Sweden,SWE
11.6124,1943,Aug,Sweden,SWE
8.15233,1943,Sep,Sweden,SWE
3.82133,1943,Oct,Sweden,SWE
-2.4438,1943,Nov,Sweden,SWE
-4.3909,1943,Dec,Sweden,SWE
-7.5084,1944,Jan,Sweden,SWE
-6.4533,1944,Feb,Sweden,SWE
-4.9385,1944,Mar,Sweden,SWE
-1.3157,1944,Apr,Sweden,SWE
4.46362,1944,May,Sweden,SWE
9.69749,1944,Jun,Sweden,SWE
14.49,1944,Jul,Sweden,SWE
13.3529,1944,Aug,Sweden,SWE
8.00389,1944,Sep,Sweden,SWE
4.05153,1944,Oct,Sweden,SWE
-2.7458,1944,Nov,Sweden,SWE
-3.5868,1944,Dec,Sweden,SWE
-10.698,1945,Jan,Sweden,SWE
-6.4689,1945,Feb,Sweden,SWE
-3.3057,1945,Mar,Sweden,SWE
1.76209,1945,Apr,Sweden,SWE
5.81693,1945,May,Sweden,SWE
11.047,1945,Jun,Sweden,SWE
15.3948,1945,Jul,Sweden,SWE
14.0619,1945,Aug,Sweden,SWE
7.29588,1945,Sep,Sweden,SWE
1.25778,1945,Oct,Sweden,SWE
-3.1245,1945,Nov,Sweden,SWE
-8.7858,1945,Dec,Sweden,SWE
-7.4387,1946,Jan,Sweden,SWE
-11.154,1946,Feb,Sweden,SWE
-6.3136,1946,Mar,Sweden,SWE
1.44808,1946,Apr,Sweden,SWE
6.56074,1946,May,Sweden,SWE
10.7356,1946,Jun,Sweden,SWE
14.9544,1946,Jul,Sweden,SWE
12.6309,1946,Aug,Sweden,SWE
9.20207,1946,Sep,Sweden,SWE
1.76886,1946,Oct,Sweden,SWE
-3.108,1946,Nov,Sweden,SWE
-4.3687,1946,Dec,Sweden,SWE
-8.1587,1947,Jan,Sweden,SWE
-16.216,1947,Feb,Sweden,SWE
-10.012,1947,Mar,Sweden,SWE
-0.0603,1947,Apr,Sweden,SWE
7.78635,1947,May,Sweden,SWE
13.1873,1947,Jun,Sweden,SWE
15.2492,1947,Jul,Sweden,SWE
13.9477,1947,Aug,Sweden,SWE
9.83948,1947,Sep,Sweden,SWE
2.05734,1947,Oct,Sweden,SWE
-5.3886,1947,Nov,Sweden,SWE
-8.4761,1947,Dec,Sweden,SWE
-12.988,1948,Jan,Sweden,SWE
-7.6349,1948,Feb,Sweden,SWE
-1.8536,1948,Mar,Sweden,SWE
2.52923,1948,Apr,Sweden,SWE
7.0057,1948,May,Sweden,SWE
10.896,1948,Jun,Sweden,SWE
14.7149,1948,Jul,Sweden,SWE
11.2811,1948,Aug,Sweden,SWE
8.15149,1948,Sep,Sweden,SWE
1.49114,1948,Oct,Sweden,SWE
-2.5712,1948,Nov,Sweden,SWE
-2.8571,1948,Dec,Sweden,SWE
-5.4514,1949,Jan,Sweden,SWE
-3.9266,1949,Feb,Sweden,SWE
-5.0983,1949,Mar,Sweden,SWE
1.10283,1949,Apr,Sweden,SWE
7.25265,1949,May,Sweden,SWE
10.5836,1949,Jun,Sweden,SWE
13.1794,1949,Jul,Sweden,SWE
11.3953,1949,Aug,Sweden,SWE
10.7026,1949,Sep,Sweden,SWE
2.86711,1949,Oct,Sweden,SWE
-0.8257,1949,Nov,Sweden,SWE
-5.4866,1949,Dec,Sweden,SWE
-11.707,1950,Jan,Sweden,SWE
-7.8458,1950,Feb,Sweden,SWE
-3.3526,1950,Mar,Sweden,SWE
1.76675,1950,Apr,Sweden,SWE
6.63902,1950,May,Sweden,SWE
11.8205,1950,Jun,Sweden,SWE
13.4191,1950,Jul,Sweden,SWE
14.0057,1950,Aug,Sweden,SWE
8.36888,1950,Sep,Sweden,SWE
3.48355,1950,Oct,Sweden,SWE
-3.9112,1950,Nov,Sweden,SWE
-8.3919,1950,Dec,Sweden,SWE
-11.974,1951,Jan,Sweden,SWE
-8.1097,1951,Feb,Sweden,SWE
-7.7092,1951,Mar,Sweden,SWE
0.31533,1951,Apr,Sweden,SWE
4.28854,1951,May,Sweden,SWE
9.76016,1951,Jun,Sweden,SWE
11.9839,1951,Jul,Sweden,SWE
13.8851,1951,Aug,Sweden,SWE
9.18852,1951,Sep,Sweden,SWE
4.42118,1951,Oct,Sweden,SWE
-3.6185,1951,Nov,Sweden,SWE
-4.5885,1951,Dec,Sweden,SWE
-8.8009,1952,Jan,Sweden,SWE
-7.7715,1952,Feb,Sweden,SWE
-7.2283,1952,Mar,Sweden,SWE
1.98471,1952,Apr,Sweden,SWE
5.59373,1952,May,Sweden,SWE
10.3482,1952,Jun,Sweden,SWE
12.9657,1952,Jul,Sweden,SWE
10.7245,1952,Aug,Sweden,SWE
5.83205,1952,Sep,Sweden,SWE
0.08836,1952,Oct,Sweden,SWE
-5.7411,1952,Nov,Sweden,SWE
-9.5379,1952,Dec,Sweden,SWE
-9.0119,1953,Jan,Sweden,SWE
-10.776,1953,Feb,Sweden,SWE
-1.4164,1953,Mar,Sweden,SWE
1.60871,1953,Apr,Sweden,SWE
6.30527,1953,May,Sweden,SWE
14.791,1953,Jun,Sweden,SWE
13.8598,1953,Jul,Sweden,SWE
12.6037,1953,Aug,Sweden,SWE
7.57006,1953,Sep,Sweden,SWE
4.88062,1953,Oct,Sweden,SWE
-0.6724,1953,Nov,Sweden,SWE
-3.5124,1953,Dec,Sweden,SWE
-9.2657,1954,Jan,Sweden,SWE
-11.501,1954,Feb,Sweden,SWE
-3.9706,1954,Mar,Sweden,SWE
-0.3541,1954,Apr,Sweden,SWE
7.97021,1954,May,Sweden,SWE
10.8089,1954,Jun,Sweden,SWE
13.9062,1954,Jul,Sweden,SWE
12.1905,1954,Aug,Sweden,SWE
7.88076,1954,Sep,Sweden,SWE
1.6279,1954,Oct,Sweden,SWE
-4.1171,1954,Nov,Sweden,SWE
-4.0496,1954,Dec,Sweden,SWE
-10.108,1955,Jan,Sweden,SWE
-11.455,1955,Feb,Sweden,SWE
-7.0488,1955,Mar,Sweden,SWE
-2.276,1955,Apr,Sweden,SWE
3.53481,1955,May,Sweden,SWE
9.13362,1955,Jun,Sweden,SWE
15.0123,1955,Jul,Sweden,SWE
14.2823,1955,Aug,Sweden,SWE
9.46596,1955,Sep,Sweden,SWE
1.40675,1955,Oct,Sweden,SWE
-4.1466,1955,Nov,Sweden,SWE
-12.362,1955,Dec,Sweden,SWE
-11.245,1956,Jan,Sweden,SWE
-13.353,1956,Feb,Sweden,SWE
-5.1403,1956,Mar,Sweden,SWE
-2.2471,1956,Apr,Sweden,SWE
6.50766,1956,May,Sweden,SWE
10.8053,1956,Jun,Sweden,SWE
13.5552,1956,Jul,Sweden,SWE
10.3446,1956,Aug,Sweden,SWE
7.41028,1956,Sep,Sweden,SWE
1.7157,1956,Oct,Sweden,SWE
-7.4919,1956,Nov,Sweden,SWE
-7.5214,1956,Dec,Sweden,SWE
-6.0459,1957,Jan,Sweden,SWE
-7.9823,1957,Feb,Sweden,SWE
-6.0963,1957,Mar,Sweden,SWE
0.15596,1957,Apr,Sweden,SWE
4.87274,1957,May,Sweden,SWE
9.5466,1957,Jun,Sweden,SWE
14.744,1957,Jul,Sweden,SWE
11.95,1957,Aug,Sweden,SWE
6.76009,1957,Sep,Sweden,SWE
2.74222,1957,Oct,Sweden,SWE
-2.2372,1957,Nov,Sweden,SWE
-6.8092,1957,Dec,Sweden,SWE
-11.611,1958,Jan,Sweden,SWE
-12.081,1958,Feb,Sweden,SWE
-9.0312,1958,Mar,Sweden,SWE
-1.2462,1958,Apr,Sweden,SWE
4.84659,1958,May,Sweden,SWE
10.6315,1958,Jun,Sweden,SWE
12.5513,1958,Jul,Sweden,SWE
12.4725,1958,Aug,Sweden,SWE
9.092,1958,Sep,Sweden,SWE
4.24726,1958,Oct,Sweden,SWE
0.00582,1958,Nov,Sweden,SWE
-9.2743,1958,Dec,Sweden,SWE
-11.019,1959,Jan,Sweden,SWE
-3.9557,1959,Feb,Sweden,SWE
-1.0913,1959,Mar,Sweden,SWE
0.97702,1959,Apr,Sweden,SWE
6.62254,1959,May,Sweden,SWE
11.6541,1959,Jun,Sweden,SWE
14.4406,1959,Jul,Sweden,SWE
13.6125,1959,Aug,Sweden,SWE
7.83211,1959,Sep,Sweden,SWE
3.11265,1959,Oct,Sweden,SWE
-1.7906,1959,Nov,Sweden,SWE
-6.1692,1959,Dec,Sweden,SWE
-11.182,1960,Jan,Sweden,SWE
-11.3,1960,Feb,Sweden,SWE
-4.2545,1960,Mar,Sweden,SWE
0.76478,1960,Apr,Sweden,SWE
7.71316,1960,May,Sweden,SWE
12.5995,1960,Jun,Sweden,SWE
14.1715,1960,Jul,Sweden,SWE
12.6852,1960,Aug,Sweden,SWE
8.31622,1960,Sep,Sweden,SWE
-0.2037,1960,Oct,Sweden,SWE
-3.7498,1960,Nov,Sweden,SWE
-6.7809,1960,Dec,Sweden,SWE
-9.6093,1961,Jan,Sweden,SWE
-4.814,1961,Feb,Sweden,SWE
-1.8422,1961,Mar,Sweden,SWE
0.10864,1961,Apr,Sweden,SWE
6.04267,1961,May,Sweden,SWE
12.6739,1961,Jun,Sweden,SWE
13.4962,1961,Jul,Sweden,SWE
11.5816,1961,Aug,Sweden,SWE
8.94435,1961,Sep,Sweden,SWE
6.63596,1961,Oct,Sweden,SWE
-1.2432,1961,Nov,Sweden,SWE
-9.8271,1961,Dec,Sweden,SWE
-8.4614,1962,Jan,Sweden,SWE
-7.6045,1962,Feb,Sweden,SWE
-10.123,1962,Mar,Sweden,SWE
0.86047,1962,Apr,Sweden,SWE
4.9662,1962,May,Sweden,SWE
9.73442,1962,Jun,Sweden,SWE
11.7579,1962,Jul,Sweden,SWE
10.5104,1962,Aug,Sweden,SWE
7.12796,1962,Sep,Sweden,SWE
4.02758,1962,Oct,Sweden,SWE
-3.4189,1962,Nov,Sweden,SWE
-9.6897,1962,Dec,Sweden,SWE
-11.808,1963,Jan,Sweden,SWE
-12.507,1963,Feb,Sweden,SWE
-7.7937,1963,Mar,Sweden,SWE
0.53563,1963,Apr,Sweden,SWE
8.6041,1963,May,Sweden,SWE
11.4409,1963,Jun,Sweden,SWE
12.8486,1963,Jul,Sweden,SWE
13.0168,1963,Aug,Sweden,SWE
9.26756,1963,Sep,Sweden,SWE
3.57606,1963,Oct,Sweden,SWE
-3.9564,1963,Nov,Sweden,SWE
-6.6837,1963,Dec,Sweden,SWE
-4.8618,1964,Jan,Sweden,SWE
-9.2053,1964,Feb,Sweden,SWE
-5.3365,1964,Mar,Sweden,SWE
0.99716,1964,Apr,Sweden,SWE
7.16531,1964,May,Sweden,SWE
10.2684,1964,Jun,Sweden,SWE
12.4969,1964,Jul,Sweden,SWE
11.2146,1964,Aug,Sweden,SWE
6.98909,1964,Sep,Sweden,SWE
4.03284,1964,Oct,Sweden,SWE
-2.9279,1964,Nov,Sweden,SWE
-6.4662,1964,Dec,Sweden,SWE
-8.9552,1965,Jan,Sweden,SWE
-7.2901,1965,Feb,Sweden,SWE
-5.8856,1965,Mar,Sweden,SWE
0.83692,1965,Apr,Sweden,SWE
4.3286,1965,May,Sweden,SWE
11.2624,1965,Jun,Sweden,SWE
11.5231,1965,Jul,Sweden,SWE
11.0441,1965,Aug,Sweden,SWE
9.3438,1965,Sep,Sweden,SWE
3.68308,1965,Oct,Sweden,SWE
-7.1027,1965,Nov,Sweden,SWE
-12.462,1965,Dec,Sweden,SWE
-15.024,1966,Jan,Sweden,SWE
-16.925,1966,Feb,Sweden,SWE
-7.1653,1966,Mar,Sweden,SWE
-2.6043,1966,Apr,Sweden,SWE
5.60901,1966,May,Sweden,SWE
13.7444,1966,Jun,Sweden,SWE
13.7815,1966,Jul,Sweden,SWE
11.3938,1966,Aug,Sweden,SWE
6.2524,1966,Sep,Sweden,SWE
1.68014,1966,Oct,Sweden,SWE
-2.732,1966,Nov,Sweden,SWE
-6.7047,1966,Dec,Sweden,SWE
-13.374,1967,Jan,Sweden,SWE
-6.3376,1967,Feb,Sweden,SWE
-1.4501,1967,Mar,Sweden,SWE
0.38435,1967,Apr,Sweden,SWE
5.82725,1967,May,Sweden,SWE
10.7472,1967,Jun,Sweden,SWE
13.3137,1967,Jul,Sweden,SWE
12.7324,1967,Aug,Sweden,SWE
9.33799,1967,Sep,Sweden,SWE
3.26939,1967,Oct,Sweden,SWE
-0.2575,1967,Nov,Sweden,SWE
-11.963,1967,Dec,Sweden,SWE
-13.682,1968,Jan,Sweden,SWE
-10.428,1968,Feb,Sweden,SWE
-3.8662,1968,Mar,Sweden,SWE
1.54963,1968,Apr,Sweden,SWE
4.2728,1968,May,Sweden,SWE
12.4982,1968,Jun,Sweden,SWE
12.7,1968,Jul,Sweden,SWE
12.1523,1968,Aug,Sweden,SWE
7.7376,1968,Sep,Sweden,SWE
-0.4207,1968,Oct,Sweden,SWE
-6.1172,1968,Nov,Sweden,SWE
-5.9291,1968,Dec,Sweden,SWE
-10.07,1969,Jan,Sweden,SWE
-13.439,1969,Feb,Sweden,SWE
-7.7312,1969,Mar,Sweden,SWE
0.01963,1969,Apr,Sweden,SWE
5.21681,1969,May,Sweden,SWE
13.1383,1969,Jun,Sweden,SWE
14.103,1969,Jul,Sweden,SWE
14.9532,1969,Aug,Sweden,SWE
7.72616,1969,Sep,Sweden,SWE
3.56628,1969,Oct,Sweden,SWE
-5.8304,1969,Nov,Sweden,SWE
-10.302,1969,Dec,Sweden,SWE
-12.666,1970,Jan,Sweden,SWE
-15.584,1970,Feb,Sweden,SWE
-5.0672,1970,Mar,Sweden,SWE
-1.8954,1970,Apr,Sweden,SWE
6.33583,1970,May,Sweden,SWE
14.0296,1970,Jun,Sweden,SWE
13.1448,1970,Jul,Sweden,SWE
12.767,1970,Aug,Sweden,SWE
7.31761,1970,Sep,Sweden,SWE
2.60561,1970,Oct,Sweden,SWE
-5.3697,1970,Nov,Sweden,SWE
-5.4277,1970,Dec,Sweden,SWE
-7.5713,1971,Jan,Sweden,SWE
-7.6971,1971,Feb,Sweden,SWE
-8.1369,1971,Mar,Sweden,SWE
-0.7277,1971,Apr,Sweden,SWE
6.4811,1971,May,Sweden,SWE
11.0992,1971,Jun,Sweden,SWE
13.2818,1971,Jul,Sweden,SWE
12.2252,1971,Aug,Sweden,SWE
7.13615,1971,Sep,Sweden,SWE
2.44832,1971,Oct,Sweden,SWE
-6.0242,1971,Nov,Sweden,SWE
-4.4385,1971,Dec,Sweden,SWE
-10.618,1972,Jan,Sweden,SWE
-7.7726,1972,Feb,Sweden,SWE
-3.7981,1972,Mar,Sweden,SWE
0.28876,1972,Apr,Sweden,SWE
5.9494,1972,May,Sweden,SWE
12.7986,1972,Jun,Sweden,SWE
15.9077,1972,Jul,Sweden,SWE
12.4031,1972,Aug,Sweden,SWE
6.95785,1972,Sep,Sweden,SWE
2.70634,1972,Oct,Sweden,SWE
-3.2,1972,Nov,Sweden,SWE
-2.5537,1972,Dec,Sweden,SWE
-4.2283,1973,Jan,Sweden,SWE
-7.0601,1973,Feb,Sweden,SWE
-1.5176,1973,Mar,Sweden,SWE
-0.3806,1973,Apr,Sweden,SWE
6.20679,1973,May,Sweden,SWE
12.5142,1973,Jun,Sweden,SWE
16.3405,1973,Jul,Sweden,SWE
11.6354,1973,Aug,Sweden,SWE
6.07416,1973,Sep,Sweden,SWE
-0.1739,1973,Oct,Sweden,SWE
-6.3123,1973,Nov,Sweden,SWE
-9.815,1973,Dec,Sweden,SWE
-5.2261,1974,Jan,Sweden,SWE
-4.7573,1974,Feb,Sweden,SWE
-3.5057,1974,Mar,Sweden,SWE
1.97765,1974,Apr,Sweden,SWE
6.52521,1974,May,Sweden,SWE
12.1786,1974,Jun,Sweden,SWE
12.8049,1974,Jul,Sweden,SWE
12.215,1974,Aug,Sweden,SWE
9.17681,1974,Sep,Sweden,SWE
1.4827,1974,Oct,Sweden,SWE
-3.5037,1974,Nov,Sweden,SWE
-5.3952,1974,Dec,Sweden,SWE
-5.9458,1975,Jan,Sweden,SWE
-4.5008,1975,Feb,Sweden,SWE
-2.6632,1975,Mar,Sweden,SWE
-0.003,1975,Apr,Sweden,SWE
6.83358,1975,May,Sweden,SWE
10.1746,1975,Jun,Sweden,SWE
13.5892,1975,Jul,Sweden,SWE
13.2282,1975,Aug,Sweden,SWE
9.02834,1975,Sep,Sweden,SWE
3.33434,1975,Oct,Sweden,SWE
-1.7444,1975,Nov,Sweden,SWE
-5.4229,1975,Dec,Sweden,SWE
-12.434,1976,Jan,Sweden,SWE
-6.6794,1976,Feb,Sweden,SWE
-6.7907,1976,Mar,Sweden,SWE
-0.129,1976,Apr,Sweden,SWE
7.59481,1976,May,Sweden,SWE
11.046,1976,Jun,Sweden,SWE
13.5271,1976,Jul,Sweden,SWE
12.9504,1976,Aug,Sweden,SWE
5.4832,1976,Sep,Sweden,SWE
1.10321,1976,Oct,Sweden,SWE
-3.5417,1976,Nov,Sweden,SWE
-9.3688,1976,Dec,Sweden,SWE
-10.153,1977,Jan,Sweden,SWE
-11.528,1977,Feb,Sweden,SWE
-3.509,1977,Mar,Sweden,SWE
-1.8564,1977,Apr,Sweden,SWE
5.37237,1977,May,Sweden,SWE
10.6245,1977,Jun,Sweden,SWE
12.3613,1977,Jul,Sweden,SWE
11.7905,1977,Aug,Sweden,SWE
6.57194,1977,Sep,Sweden,SWE
3.16392,1977,Oct,Sweden,SWE
-2.923,1977,Nov,Sweden,SWE
-5.7456,1977,Dec,Sweden,SWE
-9.162,1978,Jan,Sweden,SWE
-12.258,1978,Feb,Sweden,SWE
-5.3432,1978,Mar,Sweden,SWE
-0.9265,1978,Apr,Sweden,SWE
6.44084,1978,May,Sweden,SWE
12.0063,1978,Jun,Sweden,SWE
13.2,1978,Jul,Sweden,SWE
11.6247,1978,Aug,Sweden,SWE
6.53556,1978,Sep,Sweden,SWE
2.21791,1978,Oct,Sweden,SWE
-2.2327,1978,Nov,Sweden,SWE
-14.361,1978,Dec,Sweden,SWE
-14.286,1979,Jan,Sweden,SWE
-11.396,1979,Feb,Sweden,SWE
-4.4339,1979,Mar,Sweden,SWE
-0.3625,1979,Apr,Sweden,SWE
6.03995,1979,May,Sweden,SWE
12.6854,1979,Jun,Sweden,SWE
13.064,1979,Jul,Sweden,SWE
12.1794,1979,Aug,Sweden,SWE
7.35747,1979,Sep,Sweden,SWE
0.72219,1979,Oct,Sweden,SWE
-3.5388,1979,Nov,Sweden,SWE
-7.8189,1979,Dec,Sweden,SWE
-12.203,1980,Jan,Sweden,SWE
-12.296,1980,Feb,Sweden,SWE
-7.3281,1980,Mar,Sweden,SWE
1.44214,1980,Apr,Sweden,SWE
6.12575,1980,May,Sweden,SWE
13.5028,1980,Jun,Sweden,SWE
14.7348,1980,Jul,Sweden,SWE
12.4501,1980,Aug,Sweden,SWE
8.76933,1980,Sep,Sweden,SWE
0.85159,1980,Oct,Sweden,SWE
-7.0349,1980,Nov,Sweden,SWE
-9.0463,1980,Dec,Sweden,SWE
-9.3482,1981,Jan,Sweden,SWE
-9.3704,1981,Feb,Sweden,SWE
-8.2491,1981,Mar,Sweden,SWE
0.23496,1981,Apr,Sweden,SWE
7.91016,1981,May,Sweden,SWE
9.59289,1981,Jun,Sweden,SWE
13.2899,1981,Jul,Sweden,SWE
11.4896,1981,Aug,Sweden,SWE
8.08053,1981,Sep,Sweden,SWE
2.13031,1981,Oct,Sweden,SWE
-4.6818,1981,Nov,Sweden,SWE
-14.052,1981,Dec,Sweden,SWE
-13.147,1982,Jan,Sweden,SWE
-7.073,1982,Feb,Sweden,SWE
-2.6235,1982,Mar,Sweden,SWE
0.79064,1982,Apr,Sweden,SWE
5.87068,1982,May,Sweden,SWE
9.32045,1982,Jun,Sweden,SWE
14.1895,1982,Jul,Sweden,SWE
12.7988,1982,Aug,Sweden,SWE
7.78037,1982,Sep,Sweden,SWE
2.89439,1982,Oct,Sweden,SWE
-1.8135,1982,Nov,Sweden,SWE
-5.8874,1982,Dec,Sweden,SWE
-6.1929,1983,Jan,Sweden,SWE
-8.2237,1983,Feb,Sweden,SWE
-4.3392,1983,Mar,Sweden,SWE
1.24871,1983,Apr,Sweden,SWE
7.47564,1983,May,Sweden,SWE
10.8326,1983,Jun,Sweden,SWE
14.0806,1983,Jul,Sweden,SWE
11.9549,1983,Aug,Sweden,SWE
8.49586,1983,Sep,Sweden,SWE
2.7474,1983,Oct,Sweden,SWE
-5.1613,1983,Nov,Sweden,SWE
-7.733,1983,Dec,Sweden,SWE
-11.274,1984,Jan,Sweden,SWE
-5.8396,1984,Feb,Sweden,SWE
-6.5587,1984,Mar,Sweden,SWE
1.65782,1984,Apr,Sweden,SWE
8.91541,1984,May,Sweden,SWE
11.3756,1984,Jun,Sweden,SWE
12.8294,1984,Jul,Sweden,SWE
12.3784,1984,Aug,Sweden,SWE
6.82239,1984,Sep,Sweden,SWE
3.61046,1984,Oct,Sweden,SWE
-3.2717,1984,Nov,Sweden,SWE
-4.6274,1984,Dec,Sweden,SWE
-15.065,1985,Jan,Sweden,SWE
-17.078,1985,Feb,Sweden,SWE
-5.2846,1985,Mar,Sweden,SWE
-1.7048,1985,Apr,Sweden,SWE
5.63886,1985,May,Sweden,SWE
11.2593,1985,Jun,Sweden,SWE
13.7071,1985,Jul,Sweden,SWE
12.3641,1985,Aug,Sweden,SWE
6.78382,1985,Sep,Sweden,SWE
3.98374,1985,Oct,Sweden,SWE
-5.8645,1985,Nov,Sweden,SWE
-12.626,1985,Dec,Sweden,SWE
-13.789,1986,Jan,Sweden,SWE
-11.441,1986,Feb,Sweden,SWE
-2.7992,1986,Mar,Sweden,SWE
-1.2093,1986,Apr,Sweden,SWE
7.64292,1986,May,Sweden,SWE
13.3166,1986,Jun,Sweden,SWE
13.4197,1986,Jul,Sweden,SWE
10.2535,1986,Aug,Sweden,SWE
5.25244,1986,Sep,Sweden,SWE
3.41049,1986,Oct,Sweden,SWE
-0.8555,1986,Nov,Sweden,SWE
-10.01,1986,Dec,Sweden,SWE
-16.92,1987,Jan,Sweden,SWE
-10.087,1987,Feb,Sweden,SWE
-8.4596,1987,Mar,Sweden,SWE
0.47016,1987,Apr,Sweden,SWE
5.0785,1987,May,Sweden,SWE
9.74102,1987,Jun,Sweden,SWE
12.5865,1987,Jul,Sweden,SWE
9.82709,1987,Aug,Sweden,SWE
6.94458,1987,Sep,Sweden,SWE
5.16364,1987,Oct,Sweden,SWE
-3.2737,1987,Nov,Sweden,SWE
-7.5041,1987,Dec,Sweden,SWE
-6.5685,1988,Jan,Sweden,SWE
-7.6601,1988,Feb,Sweden,SWE
-6.291,1988,Mar,Sweden,SWE
-1.0932,1988,Apr,Sweden,SWE
7.48702,1988,May,Sweden,SWE
13.1489,1988,Jun,Sweden,SWE
15.2704,1988,Jul,Sweden,SWE
12.0467,1988,Aug,Sweden,SWE
8.97495,1988,Sep,Sweden,SWE
1.97983,1988,Oct,Sweden,SWE
-5.4851,1988,Nov,Sweden,SWE
-7.8527,1988,Dec,Sweden,SWE
-3.1287,1989,Jan,Sweden,SWE
-3.3747,1989,Feb,Sweden,SWE
-1.4273,1989,Mar,Sweden,SWE
1.73427,1989,Apr,Sweden,SWE
7.37658,1989,May,Sweden,SWE
12.0716,1989,Jun,Sweden,SWE
13.4536,1989,Jul,Sweden,SWE
12.169,1989,Aug,Sweden,SWE
8.6011,1989,Sep,Sweden,SWE
2.57014,1989,Oct,Sweden,SWE
-1.861,1989,Nov,Sweden,SWE
-8.0961,1989,Dec,Sweden,SWE
-7.5273,1990,Jan,Sweden,SWE
-1.1898,1990,Feb,Sweden,SWE
-1.2863,1990,Mar,Sweden,SWE
2.22674,1990,Apr,Sweden,SWE
7.3661,1990,May,Sweden,SWE
12.119,1990,Jun,Sweden,SWE
13.4501,1990,Jul,Sweden,SWE
13.1322,1990,Aug,Sweden,SWE
7.30329,1990,Sep,Sweden,SWE
3.48117,1990,Oct,Sweden,SWE
-4.2403,1990,Nov,Sweden,SWE
-4.1411,1990,Dec,Sweden,SWE
-6.1249,1991,Jan,Sweden,SWE
-10.528,1991,Feb,Sweden,SWE
-3.3184,1991,Mar,Sweden,SWE
1.44971,1991,Apr,Sweden,SWE
5.12208,1991,May,Sweden,SWE
9.66628,1991,Jun,Sweden,SWE
14.7212,1991,Jul,Sweden,SWE
13.6176,1991,Aug,Sweden,SWE
7.15111,1991,Sep,Sweden,SWE
2.76097,1991,Oct,Sweden,SWE
-2.0358,1991,Nov,Sweden,SWE
-3.7267,1991,Dec,Sweden,SWE
-4.3689,1992,Jan,Sweden,SWE
-3.9952,1992,Feb,Sweden,SWE
-1.4821,1992,Mar,Sweden,SWE
-0.9634,1992,Apr,Sweden,SWE
8.57368,1992,May,Sweden,SWE
13.8256,1992,Jun,Sweden,SWE
12.9491,1992,Jul,Sweden,SWE
11.4387,1992,Aug,Sweden,SWE
8.34144,1992,Sep,Sweden,SWE
-1.8297,1992,Oct,Sweden,SWE
-4.4694,1992,Nov,Sweden,SWE
-3.8075,1992,Dec,Sweden,SWE
-6.0421,1993,Jan,Sweden,SWE
-5.2819,1993,Feb,Sweden,SWE
-3.2283,1993,Mar,Sweden,SWE
1.17548,1993,Apr,Sweden,SWE
8.18048,1993,May,Sweden,SWE
9.38112,1993,Jun,Sweden,SWE
13.2293,1993,Jul,Sweden,SWE
10.9921,1993,Aug,Sweden,SWE
5.6331,1993,Sep,Sweden,SWE
0.83641,1993,Oct,Sweden,SWE
-4.1986,1993,Nov,Sweden,SWE
-8.1055,1993,Dec,Sweden,SWE
-10.661,1994,Jan,Sweden,SWE
-12.821,1994,Feb,Sweden,SWE
-4.6115,1994,Mar,Sweden,SWE
2.21106,1994,Apr,Sweden,SWE
5.74836,1994,May,Sweden,SWE
10.1479,1994,Jun,Sweden,SWE
15.9955,1994,Jul,Sweden,SWE
13.2346,1994,Aug,Sweden,SWE
7.47303,1994,Sep,Sweden,SWE
1.7321,1994,Oct,Sweden,SWE
-3.174,1994,Nov,Sweden,SWE
-3.6257,1994,Dec,Sweden,SWE
-7.4558,1995,Jan,Sweden,SWE
-4.8861,1995,Feb,Sweden,SWE
-2.6024,1995,Mar,Sweden,SWE
-0.1262,1995,Apr,Sweden,SWE
5.3011,1995,May,Sweden,SWE
11.7979,1995,Jun,Sweden,SWE
12.9997,1995,Jul,Sweden,SWE
12.7739,1995,Aug,Sweden,SWE
7.85703,1995,Sep,Sweden,SWE
4.27226,1995,Oct,Sweden,SWE
-5.2608,1995,Nov,Sweden,SWE
-10.445,1995,Dec,Sweden,SWE
-8.0826,1996,Jan,Sweden,SWE
-11.491,1996,Feb,Sweden,SWE
-4.9037,1996,Mar,Sweden,SWE
0.86801,1996,Apr,Sweden,SWE
4.63846,1996,May,Sweden,SWE
10.8654,1996,Jun,Sweden,SWE
12.5711,1996,Jul,Sweden,SWE
14.8466,1996,Aug,Sweden,SWE
7.09998,1996,Sep,Sweden,SWE
3.91281,1996,Oct,Sweden,SWE
-4.5051,1996,Nov,Sweden,SWE
-9.0559,1996,Dec,Sweden,SWE
-6.8836,1997,Jan,Sweden,SWE
-6.2381,1997,Feb,Sweden,SWE
-2.9392,1997,Mar,Sweden,SWE
-1.0731,1997,Apr,Sweden,SWE
5.16077,1997,May,Sweden,SWE
12.761,1997,Jun,Sweden,SWE
15.9962,1997,Jul,Sweden,SWE
15.1309,1997,Aug,Sweden,SWE
9.1902,1997,Sep,Sweden,SWE
1.15873,1997,Oct,Sweden,SWE
-4.0421,1997,Nov,Sweden,SWE
-6.2591,1997,Dec,Sweden,SWE
-6.4121,1998,Jan,Sweden,SWE
-6.4332,1998,Feb,Sweden,SWE
-5.1941,1998,Mar,Sweden,SWE
-0.4931,1998,Apr,Sweden,SWE
6.50267,1998,May,Sweden,SWE
10.5781,1998,Jun,Sweden,SWE
13.5392,1998,Jul,Sweden,SWE
11.2968,1998,Aug,Sweden,SWE
8.738,1998,Sep,Sweden,SWE
2.48102,1998,Oct,Sweden,SWE
-6.1213,1998,Nov,Sweden,SWE
-6.8417,1998,Dec,Sweden,SWE
-9.5527,1999,Jan,Sweden,SWE
-8.4698,1999,Feb,Sweden,SWE
-3.8368,1999,Mar,Sweden,SWE
2.22107,1999,Apr,Sweden,SWE
5.63715,1999,May,Sweden,SWE
12.5032,1999,Jun,Sweden,SWE
14.2857,1999,Jul,Sweden,SWE
11.58,1999,Aug,Sweden,SWE
10.5923,1999,Sep,Sweden,SWE
3.39405,1999,Oct,Sweden,SWE
0.22771,1999,Nov,Sweden,SWE
-8.9592,1999,Dec,Sweden,SWE
-5.9889,2000,Jan,Sweden,SWE
-5.6501,2000,Feb,Sweden,SWE
-3.5312,2000,Mar,Sweden,SWE
1.90221,2000,Apr,Sweden,SWE
8.08266,2000,May,Sweden,SWE
10.7373,2000,Jun,Sweden,SWE
13.3442,2000,Jul,Sweden,SWE
12.1427,2000,Aug,Sweden,SWE
8.09578,2000,Sep,Sweden,SWE
5.92112,2000,Oct,Sweden,SWE
0.66687,2000,Nov,Sweden,SWE
-5.1919,2000,Dec,Sweden,SWE
-6.2475,2001,Jan,Sweden,SWE
-10.177,2001,Feb,Sweden,SWE
-6.9914,2001,Mar,Sweden,SWE
0.89693,2001,Apr,Sweden,SWE
6.41604,2001,May,Sweden,SWE
11.7536,2001,Jun,Sweden,SWE
14.6715,2001,Jul,Sweden,SWE
12.7247,2001,Aug,Sweden,SWE
8.74906,2001,Sep,Sweden,SWE
4.46883,2001,Oct,Sweden,SWE
-3.2543,2001,Nov,Sweden,SWE
-8.6911,2001,Dec,Sweden,SWE
-8.1517,2002,Jan,Sweden,SWE
-4.9185,2002,Feb,Sweden,SWE
-3.2538,2002,Mar,Sweden,SWE
2.82877,2002,Apr,Sweden,SWE
8.84255,2002,May,Sweden,SWE
13.9805,2002,Jun,Sweden,SWE
15.4166,2002,Jul,Sweden,SWE
15.5771,2002,Aug,Sweden,SWE
8.58399,2002,Sep,Sweden,SWE
-0.4126,2002,Oct,Sweden,SWE
-6.5819,2002,Nov,Sweden,SWE
-10.497,2002,Dec,Sweden,SWE
-12.014,2003,Jan,Sweden,SWE
-7.0596,2003,Feb,Sweden,SWE
-1.9608,2003,Mar,Sweden,SWE
0.81071,2003,Apr,Sweden,SWE
7.24585,2003,May,Sweden,SWE
12.0475,2003,Jun,Sweden,SWE
16.7854,2003,Jul,Sweden,SWE
13.3668,2003,Aug,Sweden,SWE
8.60455,2003,Sep,Sweden,SWE
1.12014,2003,Oct,Sweden,SWE
-2.1606,2003,Nov,Sweden,SWE
-5.8714,2003,Dec,Sweden,SWE
-10.085,2004,Jan,Sweden,SWE
-7.1633,2004,Feb,Sweden,SWE
-3.1592,2004,Mar,Sweden,SWE
2.7444,2004,Apr,Sweden,SWE
7.2757,2004,May,Sweden,SWE
10.8306,2004,Jun,Sweden,SWE
13.8337,2004,Jul,Sweden,SWE
13.8392,2004,Aug,Sweden,SWE
8.98031,2004,Sep,Sweden,SWE
2.99453,2004,Oct,Sweden,SWE
-4.1149,2004,Nov,Sweden,SWE
-4.59,2004,Dec,Sweden,SWE
-5.4085,2005,Jan,Sweden,SWE
-7.3615,2005,Feb,Sweden,SWE
-6.235,2005,Mar,Sweden,SWE
2.25858,2005,Apr,Sweden,SWE
6.10239,2005,May,Sweden,SWE
11.683,2005,Jun,Sweden,SWE
15.6143,2005,Jul,Sweden,SWE
12.92,2005,Aug,Sweden,SWE
9.08616,2005,Sep,Sweden,SWE
4.40023,2005,Oct,Sweden,SWE
-0.7583,2005,Nov,Sweden,SWE
-7.1131,2005,Dec,Sweden,SWE
-7.8376,2006,Jan,Sweden,SWE
-8.5802,2006,Feb,Sweden,SWE
-8.4929,2006,Mar,Sweden,SWE
1.47492,2006,Apr,Sweden,SWE
7.56082,2006,May,Sweden,SWE
12.5153,2006,Jun,Sweden,SWE
15.5365,2006,Jul,Sweden,SWE
15.1779,2006,Aug,Sweden,SWE
10.3805,2006,Sep,Sweden,SWE
3.54022,2006,Oct,Sweden,SWE
-1.3539,2006,Nov,Sweden,SWE
-1.868,2006,Dec,Sweden,SWE
-7.4227,2007,Jan,Sweden,SWE
-10.37,2007,Feb,Sweden,SWE
-0.8245,2007,Mar,Sweden,SWE
2.52545,2007,Apr,Sweden,SWE
7.02146,2007,May,Sweden,SWE
12.8835,2007,Jun,Sweden,SWE
14.1963,2007,Jul,Sweden,SWE
13.2637,2007,Aug,Sweden,SWE
7.61863,2007,Sep,Sweden,SWE
3.88193,2007,Oct,Sweden,SWE
-3.1963,2007,Nov,Sweden,SWE
-3.6746,2007,Dec,Sweden,SWE
-5.0322,2008,Jan,Sweden,SWE
-3.7811,2008,Feb,Sweden,SWE
-4.297,2008,Mar,Sweden,SWE
1.8943,2008,Apr,Sweden,SWE
7.26367,2008,May,Sweden,SWE
12.0532,2008,Jun,Sweden,SWE
14.6574,2008,Jul,Sweden,SWE
11.948,2008,Aug,Sweden,SWE
7.63396,2008,Sep,Sweden,SWE
3.61461,2008,Oct,Sweden,SWE
-2.7299,2008,Nov,Sweden,SWE
-5.0004,2008,Dec,Sweden,SWE
-7.3619,2009,Jan,Sweden,SWE
-9.7023,2009,Feb,Sweden,SWE
-3.6938,2009,Mar,Sweden,SWE
2.59443,2009,Apr,Sweden,SWE
8.17292,2009,May,Sweden,SWE
11.189,2009,Jun,Sweden,SWE
14.3437,2009,Jul,Sweden,SWE
13.7196,2009,Aug,Sweden,SWE
9.50539,2009,Sep,Sweden,SWE
0.83952,2009,Oct,Sweden,SWE
-0.645,2009,Nov,Sweden,SWE
-8.7284,2009,Dec,Sweden,SWE
-12.891,2010,Jan,Sweden,SWE
-12.448,2010,Feb,Sweden,SWE
-5.6353,2010,Mar,Sweden,SWE
1.62953,2010,Apr,Sweden,SWE
7.01886,2010,May,Sweden,SWE
10.8113,2010,Jun,Sweden,SWE
15.6146,2010,Jul,Sweden,SWE
12.7902,2010,Aug,Sweden,SWE
8.14709,2010,Sep,Sweden,SWE
2.77329,2010,Oct,Sweden,SWE
-7.2141,2010,Nov,Sweden,SWE
-13.006,2010,Dec,Sweden,SWE
-8.9058,2011,Jan,Sweden,SWE
-11.005,2011,Feb,Sweden,SWE
-3.7945,2011,Mar,Sweden,SWE
3.7651,2011,Apr,Sweden,SWE
7.47777,2011,May,Sweden,SWE
13.5425,2011,Jun,Sweden,SWE
15.2851,2011,Jul,Sweden,SWE
13.2023,2011,Aug,Sweden,SWE
9.98481,2011,Sep,Sweden,SWE
4.31814,2011,Oct,Sweden,SWE
0.73031,2011,Nov,Sweden,SWE
-3.5777,2011,Dec,Sweden,SWE
-8.3688,2012,Jan,Sweden,SWE
-9.0229,2012,Feb,Sweden,SWE
-0.8492,2012,Mar,Sweden,SWE
0.24438,2012,Apr,Sweden,SWE
6.76503,2012,May,Sweden,SWE
10.4387,2012,Jun,Sweden,SWE
13.5902,2012,Jul,Sweden,SWE
12.3989,2012,Aug,Sweden,SWE
7.94312,2012,Sep,Sweden,SWE
1.87115,2012,Oct,Sweden,SWE
-1.2795,2012,Nov,Sweden,SWE
-10.827,2012,Dec,Sweden,SWE
-9.2304,2013,Jan,Sweden,SWE
-7.4992,2013,Feb,Sweden,SWE
-7.9322,2013,Mar,Sweden,SWE
0.40987,2013,Apr,Sweden,SWE
9.62597,2013,May,Sweden,SWE
13.0305,2013,Jun,Sweden,SWE
14.2996,2013,Jul,Sweden,SWE
13.347,2013,Aug,Sweden,SWE
9.27898,2013,Sep,Sweden,SWE
3.5041,2013,Oct,Sweden,SWE
-1.9118,2013,Nov,Sweden,SWE
-3.4826,2013,Dec,Sweden,SWE
-9.6447,2014,Jan,Sweden,SWE
-2.9749,2014,Feb,Sweden,SWE
-1.0938,2014,Mar,Sweden,SWE
2.42752,2014,Apr,Sweden,SWE
7.10368,2014,May,Sweden,SWE
11.5333,2014,Jun,Sweden,SWE
17.0625,2014,Jul,Sweden,SWE
13.6754,2014,Aug,Sweden,SWE
9.34882,2014,Sep,Sweden,SWE
3.9999,2014,Oct,Sweden,SWE
-1.6477,2014,Nov,Sweden,SWE
-5.723,2014,Dec,Sweden,SWE
-7.6262,2015,Jan,Sweden,SWE
-5.5862,2015,Feb,Sweden,SWE
-1.0382,2015,Mar,Sweden,SWE
2.07592,2015,Apr,Sweden,SWE
6.10043,2015,May,Sweden,SWE
10.1219,2015,Jun,Sweden,SWE
12.7134,2015,Jul,Sweden,SWE
14.012,2015,Aug,Sweden,SWE
9.69008,2015,Sep,Sweden,SWE
3.52621,2015,Oct,Sweden,SWE
-0.6702,2015,Nov,Sweden,SWE
-3.3635,2015,Dec,Sweden,SWE
-11.617,2016,Jan,Sweden,SWE
-5.5792,2016,Feb,Sweden,SWE
-2.1491,2016,Mar,Sweden,SWE
1.70761,2016,Apr,Sweden,SWE
8.61873,2016,May,Sweden,SWE
12.1433,2016,Jun,Sweden,SWE
14.6804,2016,Jul,Sweden,SWE
12.2126,2016,Aug,Sweden,SWE
10.3422,2016,Sep,Sweden,SWE
2.80106,2016,Oct,Sweden,SWE
-3.7868,2016,Nov,Sweden,SWE
-4.1554,2016,Dec,Sweden,SWE
